category,species,symbol,id,description,sequence,source_url,source_note
plants,Oryza sativa,CYP84A6,CYP84A6,,,user-provided-table-s2,"Table S2: Sequence identities among CAld5H (CYP84) proteins"
plants,Oryza sativa,CYP84A7,CYP84A7,,,user-provided-table-s2,"Table S2: Sequence identities among CAld5H (CYP84) proteins"
plants,Arabidopsis thaliana,CYP84A1,CYP84A1,,,user-provided-table-s2,"Table S2: Sequence identities among CAld5H (CYP84) proteins"
plants,Liquidambar styraciflua,CYP84A3,CYP84A3,,,user-provided-table-s2,"Table S2: Sequence identities among CAld5H (CYP84) proteins"
plants,Populus trichocarpa,CYP84A10,CYP84A10,,,user-provided-table-s2,"Table S2: Sequence identities among CAld5H (CYP84) proteins"
plants,Populus trichocarpa,CYP84A11,CYP84A11,,,user-provided-table-s2,"Table S2: Sequence identities among CAld5H (CYP84) proteins"
plants,Eucalyptus globulus,CYP84A-like,ACU45738.1,,,user-provided-table-s2,"Table S2: CYP84A-like (ACU45738.1)"
plants,Medicago sativa,CYP84A20,CYP84A20,,,user-provided-table-s2,"Table S2: Sequence identities among CAld5H (CYP84) proteins"
plants,Setaria italica,CYP84A-like,Si035174m,,,user-provided-table-s2,"Table S2: CYP84A-like (Si035174m)"
plants,Zea mays,CYP84A33,CYP84A33,,,user-provided-table-s2,"Table S2: Sequence identities among CAld5H (CYP84) proteins"
plants,Zea mays,CYP84A34,CYP84A34,,,user-provided-table-s2,"Table S2: Sequence identities among CAld5H (CYP84) proteins"
plants,Sorghum bicolor,CYP84A-like1,SORBI_01g017270,,,user-provided-table-s2,"Table S2: CYP84A-like1 (SORBI_01g017270)"
plants,Brachypodium distachyon,CYP84A5,Bradi3g30590.1,,,user-provided-table-s2,"Table S2: CYP84A5 (Bradi3g30590.1)"
plants,Panicum virgatum,CYP84A-like1,Pariv.1a01427.1,,,user-provided-table-s2,"Table S2: CYP84A-like1 (Pariv.1a01427.1)"
plants,Panicum virgatum,CYP84A-like2,Pariv.1b03743.1,,,user-provided-table-s2,"Table S2: CYP84A-like2 (Pariv.1b03743.1)"
