"category","species_label","source_url","local_file","format","parser","status"
"animals","chimp","https://drnelson.uthsc.edu/wp-content/uploads/sites/130/resources/Pan.trog.P450s.Dec8.2014.xlsx","animals-Pan.trog.P450s.Dec8.2014.xlsx","xlsx","office-text","downloaded"
"animals","Rhesus monkey","https://drnelson.uthsc.edu/wp-content/uploads/sites/130/resources/Rhesus.P450s.Dec8.2014.xlsx","animals-Rhesus.P450s.Dec8.2014.xlsx","xlsx","office-text","downloaded"
"animals","Callithrix jacchus (marmoset)","https://drnelson.uthsc.edu/wp-content/uploads/sites/130/resources/Marmoset.P450s.Dec8.2014.xlsx","animals-Marmoset.P450s.Dec8.2014.xlsx","xlsx","office-text","downloaded"
"animals","Tarsius syrichta (tarsier)","https://drnelson.uthsc.edu/wp-content/uploads/sites/130/resources/Tarsier.P450s.xlsx","animals-Tarsier.P450s.xlsx","xlsx","office-text","downloaded"
"animals","Microcebus murinus (grey mouse-lemur)","https://drnelson.uthsc.edu/wp-content/uploads/sites/130/resources/Mouse.lemur.P450s.UCSC.xlsx","animals-Mouse.lemur.P450s.UCSC.xlsx","xlsx","office-text","downloaded"
"animals","pig","https://drnelson.uthsc.edu/wp-content/uploads/sites/130/resources/pig.P450s.doc","animals-pig.P450s.doc","doc","office-text","downloaded"
"animals","dog","https://drnelson.uthsc.edu/wp-content/uploads/sites/130/resources/dogP450s.doc","animals-dogP450s.doc","doc","office-text","downloaded"
"animals","Tasmanian devil","https://drnelson.uthsc.edu/wp-content/uploads/sites/130/resources/Tasmanian.devil.xlsx","animals-Tasmanian.devil.xlsx","xlsx","office-text","downloaded"
"animals","duckbilled platypus","https://drnelson.uthsc.edu/wp-content/uploads/sites/130/resources/duckbill.doc","animals-duckbill.doc","doc","office-text","downloaded"
"animals","Apteryx australis (kiwi)","https://drnelson.uthsc.edu/wp-content/uploads/sites/130/resources/Kiwi.xlsx","animals-Kiwi.xlsx","xlsx","office-text","downloaded"
"animals","turkey","https://drnelson.uthsc.edu/wp-content/uploads/sites/130/resources/Meleagris.gallopavo.P450s.xlsx","animals-Meleagris.gallopavo.P450s.xlsx","xlsx","office-text","downloaded"
"animals","zebrafinch","https://drnelson.uthsc.edu/wp-content/uploads/sites/130/resources/Zebrafinch.P450s.xlsx","animals-Zebrafinch.P450s.xlsx","xlsx","office-text","downloaded"
"animals","mallard duck","https://drnelson.uthsc.edu/wp-content/uploads/sites/130/resources/Anas.platyrhynchos.duck.xlsx","animals-Anas.platyrhynchos.duck.xlsx","xlsx","office-text","downloaded"
"animals","collared flycatcher","https://drnelson.uthsc.edu/wp-content/uploads/sites/130/resources/Flycatcher.P450s.xlsx","animals-Flycatcher.P450s.xlsx","xlsx","office-text","downloaded"
"animals","chimney swift","https://drnelson.uthsc.edu/wp-content/uploads/sites/130/resources/Chaetura.pelagica.P450s.xlsx","animals-Chaetura.pelagica.P450s.xlsx","xlsx","office-text","downloaded"
"animals","lizard","https://drnelson.uthsc.edu/wp-content/uploads/sites/130/resources/Anolis.carolinensis.xlsx","animals-Anolis.carolinensis.xlsx","xlsx","office-text","downloaded"
"animals","Atlantic salmon","https://drnelson.uthsc.edu/wp-content/uploads/sites/130/resources/salmo.doc","animals-salmo.doc","doc","office-text","downloaded"
"animals","Pompeii worm (Alvinella pompejana, polychaete","https://drnelson.uthsc.edu/wp-content/uploads/sites/130/resources/POMPEII.worm.ESTs.xlsx","animals-POMPEII.worm.ESTs.xlsx","xlsx","office-text","downloaded"
"animals","C. briggsae","https://drnelson.uthsc.edu/wp-content/uploads/sites/130/resources/C.briggsae.doc","animals-C.briggsae.doc","doc","office-text","downloaded"
"animals","Planarian, Schmidtea mediterranea","https://drnelson.uthsc.edu/wp-content/uploads/sites/130/resources/Planarian.doc","animals-Planarian.doc","doc","office-text","downloaded"
"animals","Aedes aegypti","https://drnelson.uthsc.edu/wp-content/uploads/sites/130/resources/aedesaegypti.doc","animals-aedesaegypti.doc","doc","office-text","downloaded"
"animals","whitefly Trialeurodes vaporariorum","https://drnelson.uthsc.edu/wp-content/uploads/sites/130/resources/whitefly.doc","animals-whitefly.doc","doc","office-text","downloaded"
"animals","Monarch butterfly","https://drnelson.uthsc.edu/wp-content/uploads/sites/130/resources/Monarch.butterfly.doc","animals-Monarch.butterfly.doc","doc","office-text","downloaded"
"animals","Lepidoptera","https://drnelson.uthsc.edu/wp-content/uploads/sites/130/resources/lepidoptera.doc","animals-lepidoptera.doc","doc","office-text","downloaded"
"animals","Dwarf honey bee, Apis florea,","https://drnelson.uthsc.edu/wp-content/uploads/sites/130/resources/Apis.florea.P450s.xlsx","animals-Apis.florea.P450s.xlsx","xlsx","office-text","downloaded"
"animals","Bumble bee, Bombus terrestris","https://drnelson.uthsc.edu/wp-content/uploads/sites/130/resources/Bombus.terrestris.P450s.xlsx","animals-Bombus.terrestris.P450s.xlsx","xlsx","office-text","downloaded"
"animals","parasitoid wasp, a hymenopteran","https://drnelson.uthsc.edu/wp-content/uploads/sites/130/resources/Nasonia.doc","animals-Nasonia.doc","doc","office-text","downloaded"
"animals","Leaf cutter ant","https://drnelson.uthsc.edu/wp-content/uploads/sites/130/resources/leafcutter.ant.doc","animals-leafcutter.ant.doc","doc","office-text","downloaded"
"animals","Argentine ant","https://drnelson.uthsc.edu/wp-content/uploads/sites/130/resources/Pogonomyrmex.doc","animals-Pogonomyrmex.doc","doc","office-text","downloaded"
"animals","seed-harvester ant","https://drnelson.uthsc.edu/wp-content/uploads/sites/130/resources/Linepithema.doc","animals-Linepithema.doc","doc","office-text","downloaded"
"animals","Rhodnius prolixus, kissing bug","https://drnelson.uthsc.edu/wp-content/uploads/sites/130/resources/Rhodnius.prolixus.P450s.xlsx","animals-Rhodnius.prolixus.P450s.xlsx","xlsx","office-text","downloaded"
"animals","aphid","https://drnelson.uthsc.edu/wp-content/uploads/sites/130/resources/aphid.doc","animals-aphid.doc","doc","office-text","downloaded"
"animals","All named public insect sequences","https://drnelson.uthsc.edu/wp-content/uploads/sites/130/resources/public.insect.doc","animals-public.insect.doc","doc","office-text","downloaded"
"animals","Two-spotted spider mite","https://drnelson.uthsc.edu/wp-content/uploads/sites/130/resources/Two.spotted.spider.mite.doc","animals-Two.spotted.spider.mite.doc","doc","office-text","downloaded"
"animals","Ixodes scapularis (tick)","https://drnelson.uthsc.edu/wp-content/uploads/sites/130/resources/ixodes.doc","animals-ixodes.doc","doc","office-text","downloaded"
"animals","Daphnia pulex (water flea) first crustacean","https://drnelson.uthsc.edu/wp-content/uploads/sites/130/resources/Daphnia.doc","animals-Daphnia.doc","doc","office-text","downloaded"
"animals","Sea anemone, a Cnidarian","https://drnelson.uthsc.edu/wp-content/uploads/sites/130/resources/nematostella.doc","animals-nematostella.doc","doc","office-text","downloaded"
"animals","Hydra, a Cnidarian","https://drnelson.uthsc.edu/wp-content/uploads/sites/130/resources/hydra.doc","animals-hydra.doc","doc","office-text","downloaded"
"animals","Trichoplax adhaerens","https://drnelson.uthsc.edu/wp-content/uploads/sites/130/resources/trichoplax.doc","animals-trichoplax.doc","doc","office-text","downloaded"
"animals","sponge","https://drnelson.uthsc.edu/wp-content/uploads/sites/130/resources/spongeCYPs.doc","animals-spongeCYPs.doc","doc","office-text","downloaded"
"plants","potato","https://drnelson.uthsc.edu/wp-content/uploads/sites/130/resources/potato.P450s.doc","plants-potato.P450s.doc","doc","office-text","downloaded"
"plants","Capsicum annum","https://drnelson.uthsc.edu/wp-content/uploads/sites/130/resources/Capsicum.annuum.xlsx","plants-Capsicum.annuum.xlsx","xlsx","office-text","downloaded"
"plants","Thellungiella parvula","https://drnelson.uthsc.edu/wp-content/uploads/sites/130/resources/Thellungiella.parvula.xlsx","plants-Thellungiella.parvula.xlsx","xlsx","office-text","downloaded"
"plants","Eutrema salsugineum","https://drnelson.uthsc.edu/wp-content/uploads/sites/130/resources/Eutrema.salsugineum.xlsx","plants-Eutrema.salsugineum.xlsx","xlsx","office-text","downloaded"
"plants","Capsella grandiflora","https://drnelson.uthsc.edu/wp-content/uploads/sites/130/resources/Capsella.grandiflora.xlsx","plants-Capsella.grandiflora.xlsx","xlsx","office-text","downloaded"
"plants","Capsella rubella","https://drnelson.uthsc.edu/wp-content/uploads/sites/130/resources/Capsella.rubella.xlsx","plants-Capsella.rubella.xlsx","xlsx","office-text","downloaded"
"plants","Brassica rapa","https://drnelson.uthsc.edu/wp-content/uploads/sites/130/resources/Brassica.rapa.xlsx","plants-Brassica.rapa.xlsx","xlsx","office-text","downloaded"
"plants","Boechera stricta","https://drnelson.uthsc.edu/wp-content/uploads/sites/130/resources/Boechera.stricta.xlsx","plants-Boechera.stricta.xlsx","xlsx","office-text","downloaded"
"plants","Carica papaya","https://drnelson.uthsc.edu/wp-content/uploads/sites/130/resources/papaya.doc","plants-papaya.doc","doc","office-text","downloaded"
"plants","Mimulus guttatus (monkeyflower)","https://drnelson.uthsc.edu/wp-content/uploads/sites/130/resources/Mimulus.guttatus.xlsx","plants-Mimulus.guttatus.xlsx","xlsx","office-text","downloaded"
"plants","Theobroma cacao","https://drnelson.uthsc.edu/wp-content/uploads/sites/130/resources/Theobroma.cacao.xlsx","plants-Theobroma.cacao.xlsx","xlsx","office-text","downloaded"
"plants","Gossypium.raimondii (cotton)","https://drnelson.uthsc.edu/wp-content/uploads/sites/130/resources/Gossypium.raimondii.xlsx","plants-Gossypium.raimondii.xlsx","xlsx","office-text","downloaded"
"plants","Eucalyptus grandis","https://drnelson.uthsc.edu/wp-content/uploads/sites/130/resources/Eucalyptus.grandis.xlsx","plants-Eucalyptus.grandis.xlsx","xlsx","office-text","downloaded"
"plants","Cucumis sativus (cucumber)","https://drnelson.uthsc.edu/wp-content/uploads/sites/130/resources/Cucumis.sativus.xlsx","plants-Cucumis.sativus.xlsx","xlsx","office-text","downloaded"
"plants","Citrulus lanatus (watermelon)","https://drnelson.uthsc.edu/wp-content/uploads/sites/130/resources/Citrulus.lanatus.xlsx","plants-Citrulus.lanatus.xlsx","xlsx","office-text","downloaded"
"plants","Prunus persica updated","https://drnelson.uthsc.edu/wp-content/uploads/sites/130/resources/Prunus.persica.xlsx","plants-Prunus.persica.xlsx","xlsx","office-text","downloaded"
"plants","Prunus persica (peach) older version","https://drnelson.uthsc.edu/wp-content/uploads/sites/130/resources/Prunus.persica.P450s.doc","plants-Prunus.persica.P450s.doc","doc","office-text","downloaded"
"plants","Prunus mume (Korean apricot)","https://drnelson.uthsc.edu/wp-content/uploads/sites/130/resources/Prunus.mume.xlsx","plants-Prunus.mume.xlsx","xlsx","office-text","downloaded"
"plants","Malus domestica (apple)","https://drnelson.uthsc.edu/wp-content/uploads/sites/130/resources/Malus.domestica.xlsx","plants-Malus.domestica.xlsx","xlsx","office-text","downloaded"
"plants","Fragaria ananassa (strawberry)","https://drnelson.uthsc.edu/wp-content/uploads/sites/130/resources/Fragaria.ananassa.xlsx","plants-Fragaria.ananassa.xlsx","xlsx","office-text","downloaded"
"plants","Fragaria vesca (wild strawberry)","https://drnelson.uthsc.edu/wp-content/uploads/sites/130/resources/Fragaria.vesca.xlsx","plants-Fragaria.vesca.xlsx","xlsx","office-text","downloaded"
"plants","Cannabis sativa (marijuana)","https://drnelson.uthsc.edu/wp-content/uploads/sites/130/resources/Cannabis.sativa.xlsx","plants-Cannabis.sativa.xlsx","xlsx","office-text","downloaded"
"plants","soybean","https://drnelson.uthsc.edu/wp-content/uploads/sites/130/resources/soybean.doc","plants-soybean.doc","doc","office-text","downloaded"
"plants","Medicago truncatula","https://drnelson.uthsc.edu/wp-content/uploads/sites/130/resources/medicago.seqs.doc","plants-medicago.seqs.doc","doc","office-text","downloaded"
"plants","Lotus japonicus","https://drnelson.uthsc.edu/wp-content/uploads/sites/130/resources/Lotus.japonicus.xlsx","plants-Lotus.japonicus.xlsx","xlsx","office-text","downloaded"
"plants","Cicer arietinum","https://drnelson.uthsc.edu/wp-content/uploads/sites/130/resources/Cicer.arietinum.xlsx","plants-Cicer.arietinum.xlsx","xlsx","office-text","downloaded"
"plants","Cajanus cajanifolius (pigeonpea)","https://drnelson.uthsc.edu/wp-content/uploads/sites/130/resources/Cajanus.cajanifolius.xlsx","plants-Cajanus.cajanifolius.xlsx","xlsx","office-text","downloaded"
"plants","Jatropha curcas","https://drnelson.uthsc.edu/wp-content/uploads/sites/130/resources/Jatropha.P450s.2012.doc","plants-Jatropha.P450s.2012.doc","doc","office-text","downloaded"
"plants","Ricinus communis (castor bean)","https://drnelson.uthsc.edu/wp-content/uploads/sites/130/resources/Ricinus.communis.doc","plants-Ricinus.communis.doc","doc","office-text","downloaded"
"plants","Manihot esculenta (cassava)","https://drnelson.uthsc.edu/wp-content/uploads/sites/130/resources/Manihot.esculenta.seqs.xlsx","plants-Manihot.esculenta.seqs.xlsx","xlsx","office-text","downloaded"
"plants","Linum usitatissimum (flax)","https://drnelson.uthsc.edu/wp-content/uploads/sites/130/resources/Linum.usitatissimum.xlsx","plants-Linum.usitatissimum.xlsx","xlsx","office-text","downloaded"
"plants","Vitis vinifera","https://drnelson.uthsc.edu/wp-content/uploads/sites/130/resources/vitis.doc","plants-vitis.doc","doc","office-text","downloaded"
"plants","Nelumbo nucifera (sacred lotus)","https://drnelson.uthsc.edu/wp-content/uploads/sites/130/resources/Lotus.P450s.Oct31.2012.xlsx","plants-Lotus.P450s.Oct31.2012.xlsx","xlsx","office-text","downloaded"
"plants","Nelumbo nucifera (sacred lotus) seq. file","https://drnelson.uthsc.edu/wp-content/uploads/sites/130/resources/Lotus.P450.set.doc","plants-Lotus.P450.set.doc","doc","office-text","downloaded"
"plants","Aquilegia coerulea (columbine)","https://drnelson.uthsc.edu/wp-content/uploads/sites/130/resources/Aquilegia.coerulea.xlsx","plants-Aquilegia.coerulea.xlsx","xlsx","office-text","downloaded"
"plants","Aquilegia coerulea (columbine) old version","https://drnelson.uthsc.edu/wp-content/uploads/sites/130/resources/Aquilegia.P450s.doc","plants-Aquilegia.P450s.doc","doc","office-text","downloaded"
"plants","Zea mays","https://drnelson.uthsc.edu/wp-content/uploads/sites/130/resources/zea.doc","plants-zea.doc","doc","office-text","downloaded"
"plants","Oryza brachyantha (wild rice)","https://drnelson.uthsc.edu/wp-content/uploads/sites/130/resources/Oryza.brachyantha.xlsx","plants-Oryza.brachyantha.xlsx","xlsx","office-text","downloaded"
"plants","Brachypodium distachyon","https://drnelson.uthsc.edu/wp-content/uploads/sites/130/resources/Brachypodium.FASTA.doc","plants-Brachypodium.FASTA.doc","doc","office-text","downloaded"
"plants","Setaria italica","https://drnelson.uthsc.edu/wp-content/uploads/sites/130/resources/Setaria.italica.xlsx","plants-Setaria.italica.xlsx","xlsx","office-text","downloaded"
"plants","Panicum virgatum","https://drnelson.uthsc.edu/wp-content/uploads/sites/130/resources/Panicum.virgatum.xlsx","plants-Panicum.virgatum.xlsx","xlsx","office-text","downloaded"
"plants","Triticum aestivum (wheat)","https://drnelson.uthsc.edu/wp-content/uploads/sites/130/resources/Triticum.aestivum.xlsx","plants-Triticum.aestivum.xlsx","xlsx","office-text","downloaded"
"plants","Sorghum bicolor","https://drnelson.uthsc.edu/wp-content/uploads/sites/130/resources/sorghum.doc","plants-sorghum.doc","doc","office-text","downloaded"
"plants","Lolium rigidum (ryegrass)","https://drnelson.uthsc.edu/wp-content/uploads/sites/130/resources/lolium.doc","plants-lolium.doc","doc","office-text","downloaded"
"plants","Musa acuminata (banana)","https://drnelson.uthsc.edu/wp-content/uploads/sites/130/resources/Musa.acuminata.xlsx","plants-Musa.acuminata.xlsx","xlsx","office-text","downloaded"
"plants","Phoenix dactylifera (date palm)","https://drnelson.uthsc.edu/wp-content/uploads/sites/130/resources/Phoenix.dactylifera.xlsx","plants-Phoenix.dactylifera.xlsx","xlsx","office-text","downloaded"
"plants","Amborella trichopoda","https://drnelson.uthsc.edu/wp-content/uploads/sites/130/resources/Amborella.doc","plants-Amborella.doc","doc","office-text","downloaded"
"plants","Pinus","https://drnelson.uthsc.edu/wp-content/uploads/sites/130/resources/Pinus.P450.doc","plants-Pinus.P450.doc","doc","office-text","downloaded"
"plants","ferns","https://drnelson.uthsc.edu/wp-content/uploads/sites/130/resources/ferns.doc","plants-ferns.doc","doc","office-text","downloaded"
"plants","Selaginella moellendorffii (Gemmiferous spike moss)","https://drnelson.uthsc.edu/wp-content/uploads/sites/130/resources/Selaginella.P450s.doc","plants-Selaginella.P450s.doc","doc","office-text","downloaded"
"plants","Physcomitrella patens (moss)","https://drnelson.uthsc.edu/wp-content/uploads/sites/130/resources/moss.doc","plants-moss.doc","doc","office-text","downloaded"
"plants","Marchantia polymorpha (liverwort)","https://drnelson.uthsc.edu/wp-content/uploads/sites/130/resources/liverwort.doc","plants-liverwort.doc","doc","office-text","downloaded"
"plants","Chlamydomonas","https://drnelson.uthsc.edu/wp-content/uploads/sites/130/resources/chlamydomonas.doc","plants-chlamydomonas.doc","doc","office-text","downloaded"
"plants","Volvox carteri colonial algae","https://drnelson.uthsc.edu/wp-content/uploads/sites/130/resources/volvox.doc","plants-volvox.doc","doc","office-text","downloaded"
"plants","Chlorella vulgaris","https://drnelson.uthsc.edu/wp-content/uploads/sites/130/resources/Chlorella.vulgaris.doc","plants-Chlorella.vulgaris.doc","doc","office-text","downloaded"
"plants","Chlorella variabilis","https://drnelson.uthsc.edu/wp-content/uploads/sites/130/resources/Chlorella.variabilis.doc","plants-Chlorella.variabilis.doc","doc","office-text","downloaded"
"plants","Ostreococcus micro algae","https://drnelson.uthsc.edu/wp-content/uploads/sites/130/resources/ostreococcus.doc","plants-ostreococcus.doc","doc","office-text","downloaded"
"plants","Micromonas species","https://drnelson.uthsc.edu/wp-content/uploads/sites/130/resources/micromonas.doc","plants-micromonas.doc","doc","office-text","downloaded"
"plants","Red Algae","https://drnelson.uthsc.edu/wp-content/uploads/sites/130/resources/red.algae.index.doc","plants-red.algae.index.doc","doc","office-text","downloaded"
"fungi","Postia placenta","https://drnelson.uthsc.edu/wp-content/uploads/sites/130/resources/PostiaP450.doc","fungi-PostiaP450.doc","doc","office-text","downloaded"
"fungi","Ustilago maydis","https://drnelson.uthsc.edu/wp-content/uploads/sites/130/resources/ustilago.doc","fungi-ustilago.doc","doc","office-text","downloaded"
"fungi","Cryptococcus neoformans","https://drnelson.uthsc.edu/wp-content/uploads/sites/130/resources/Cryptococcus%20neoformans.doc","fungi-Cryptococcus neoformans.doc","doc","office-text","downloaded"
"fungi","Cryptococcus gattii","https://drnelson.uthsc.edu/wp-content/uploads/sites/130/resources/Cryptococcus%20gattii.doc","fungi-Cryptococcus gattii.doc","doc","office-text","downloaded"
"fungi","Laccaria bicolor","https://drnelson.uthsc.edu/wp-content/uploads/sites/130/resources/laccaria.bicolor.doc","fungi-laccaria.bicolor.doc","doc","office-text","downloaded"
"fungi","Malassezia globosa","https://drnelson.uthsc.edu/wp-content/uploads/sites/130/resources/Malassezia%20globosa%20P450s.doc","fungi-Malassezia globosa P450s.doc","doc","office-text","downloaded"
"fungi","Puccinia graminis","https://drnelson.uthsc.edu/wp-content/uploads/sites/130/resources/Puccinia%20graminis%20P450s.doc","fungi-Puccinia graminis P450s.doc","doc","office-text","downloaded"
"fungi","Sporobolomyces roseus","https://drnelson.uthsc.edu/wp-content/uploads/sites/130/resources/Sporobolomyces%20roseus%20P450s.doc","fungi-Sporobolomyces roseus P450s.doc","doc","office-text","downloaded"
"fungi","Agaricus bisporus","https://drnelson.uthsc.edu/wp-content/uploads/sites/130/resources/Agaricus%20bisporus%20P450s.doc","fungi-Agaricus bisporus P450s.doc","doc","office-text","downloaded"
"fungi","Rhizopus oryzae","https://drnelson.uthsc.edu/wp-content/uploads/sites/130/resources/Rhizopus%20oryzae%20P450s.doc","fungi-Rhizopus oryzae P450s.doc","doc","office-text","downloaded"
"fungi","Magnaporthe grisea","https://drnelson.uthsc.edu/wp-content/uploads/sites/130/resources/Mg.doc","fungi-Mg.doc","doc","office-text","downloaded"
"fungi","Neurospora discreta","https://drnelson.uthsc.edu/wp-content/uploads/sites/130/resources/Neurospora%20discreta%20P450s.doc","fungi-Neurospora discreta P450s.doc","doc","office-text","downloaded"
"fungi","Fusarium graminearum = Gibberella zeae","https://drnelson.uthsc.edu/wp-content/uploads/sites/130/resources/Fg.doc","fungi-Fg.doc","doc","office-text","downloaded"
"fungi","Fusarium verticillioides = Gibberella moniliformis","https://drnelson.uthsc.edu/wp-content/uploads/sites/130/resources/Fusarium%20verticillioides.doc","fungi-Fusarium verticillioides.doc","doc","office-text","downloaded"
"fungi","Fusarium oxysporum","https://drnelson.uthsc.edu/wp-content/uploads/sites/130/resources/Fusarium%20oxysporum%20P450s.doc","fungi-Fusarium oxysporum P450s.doc","doc","office-text","downloaded"
"fungi","Neosartorya fischeri","https://drnelson.uthsc.edu/wp-content/uploads/sites/130/resources/Neosartorya%20fischeri%20P450s.doc","fungi-Neosartorya fischeri P450s.doc","doc","office-text","downloaded"
"fungi","Aspergillus nidulans = Emericella nidulans","https://drnelson.uthsc.edu/wp-content/uploads/sites/130/resources/Aspergillus.doc","fungi-Aspergillus.doc","doc","office-text","downloaded"
"fungi","Aspergillus fumigatus","https://drnelson.uthsc.edu/wp-content/uploads/sites/130/resources/Asp.fumigatus.doc","fungi-Asp.fumigatus.doc","doc","office-text","downloaded"
"fungi","Aspergillus terreus","https://drnelson.uthsc.edu/wp-content/uploads/sites/130/resources/Aspergillus%20terreus%20P450s.doc","fungi-Aspergillus terreus P450s.doc","doc","office-text","downloaded"
"fungi","Aspergillus oryzae","https://drnelson.uthsc.edu/wp-content/uploads/sites/130/resources/Asp.oryzae.doc","fungi-Asp.oryzae.doc","doc","office-text","downloaded"
"fungi","Aspergillus flavus","https://drnelson.uthsc.edu/wp-content/uploads/sites/130/resources/Aspergillus%20flavus%20P450s.doc","fungi-Aspergillus flavus P450s.doc","doc","office-text","downloaded"
"fungi","Aspergillus niger","https://drnelson.uthsc.edu/wp-content/uploads/sites/130/resources/Aspergillus%20niger%20P450s.doc","fungi-Aspergillus niger P450s.doc","doc","office-text","downloaded"
"fungi","Aspergillus clavatus","https://drnelson.uthsc.edu/wp-content/uploads/sites/130/resources/Aspergillus%20clavatus%20P450s.doc","fungi-Aspergillus clavatus P450s.doc","doc","office-text","downloaded"
"fungi","Coccidioides immitis","https://drnelson.uthsc.edu/wp-content/uploads/sites/130/resources/Coccidioides%20immitis%20P450s.doc","fungi-Coccidioides immitis P450s.doc","doc","office-text","downloaded"
"fungi","Histoplasma capsulatum = Ajellomyces capsulatus","https://drnelson.uthsc.edu/wp-content/uploads/sites/130/resources/Histoplasma%20capsulatum.doc","fungi-Histoplasma capsulatum.doc","doc","office-text","downloaded"
"fungi","Uncinocarpus reesii","https://drnelson.uthsc.edu/wp-content/uploads/sites/130/resources/Uncinocarpus%20reesii%20P450s.doc","fungi-Uncinocarpus reesii P450s.doc","doc","office-text","downloaded"
"fungi","Mycosphaerella fijiensis","https://drnelson.uthsc.edu/wp-content/uploads/sites/130/resources/Mycosphaerella%20fijiensis.doc","fungi-Mycosphaerella fijiensis.doc","doc","office-text","downloaded"
"fungi","Saccharomyces cerevisiae","https://drnelson.uthsc.edu/wp-content/uploads/sites/130/resources/Saccharomyces%20cerevisiae.doc","fungi-Saccharomyces cerevisiae.doc","doc","office-text","downloaded"
"fungi","Saccharomyces paradoxus","https://drnelson.uthsc.edu/wp-content/uploads/sites/130/resources/Saccharomyces%20paradoxus.doc","fungi-Saccharomyces paradoxus.doc","doc","office-text","downloaded"
"fungi","Saccharomyces mikatae","https://drnelson.uthsc.edu/wp-content/uploads/sites/130/resources/Saccharomyces%20mikatae%20P450s.doc","fungi-Saccharomyces mikatae P450s.doc","doc","office-text","downloaded"
"fungi","Saccharomyces kudriavzevii","https://drnelson.uthsc.edu/wp-content/uploads/sites/130/resources/Saccharomyces%20kudriavzevii.doc","fungi-Saccharomyces kudriavzevii.doc","doc","office-text","downloaded"
"fungi","Saccharomyces castellii","https://drnelson.uthsc.edu/wp-content/uploads/sites/130/resources/Saccharomyces%20castellii.doc","fungi-Saccharomyces castellii.doc","doc","office-text","downloaded"
"fungi","Saccharomyces kluyveri","https://drnelson.uthsc.edu/wp-content/uploads/sites/130/resources/Saccharomyces%20kluyveri.doc","fungi-Saccharomyces kluyveri.doc","doc","office-text","downloaded"
"fungi","Saccharomyces bayanus","https://drnelson.uthsc.edu/wp-content/uploads/sites/130/resources/Saccharomyces%20bayanus%20P450s.doc","fungi-Saccharomyces bayanus P450s.doc","doc","office-text","downloaded"
"fungi","Candida albicans","https://drnelson.uthsc.edu/wp-content/uploads/sites/130/resources/Candida%20albicans%20P450s.doc","fungi-Candida albicans P450s.doc","doc","office-text","downloaded"
"fungi","Candida tropicalis","https://drnelson.uthsc.edu/wp-content/uploads/sites/130/resources/Candida%20tropicalis%20P450s.doc","fungi-Candida tropicalis P450s.doc","doc","office-text","downloaded"
"fungi","Candida glabrata","https://drnelson.uthsc.edu/wp-content/uploads/sites/130/resources/Candida%20glabrata%20P450s.doc","fungi-Candida glabrata P450s.doc","doc","office-text","downloaded"
"fungi","Candida guilliermondii","https://drnelson.uthsc.edu/wp-content/uploads/sites/130/resources/Candida%20guilliermondii.doc","fungi-Candida guilliermondii.doc","doc","office-text","downloaded"
"fungi","Candida parapsilosis","https://drnelson.uthsc.edu/wp-content/uploads/sites/130/resources/Candida%20parapsilosis%20P450s.doc","fungi-Candida parapsilosis P450s.doc","doc","office-text","downloaded"
"fungi","Candida dublinensis","https://drnelson.uthsc.edu/wp-content/uploads/sites/130/resources/Candida%20dublinensis%20P450s.doc","fungi-Candida dublinensis P450s.doc","doc","office-text","downloaded"
"fungi","Candida lusitaniae","https://drnelson.uthsc.edu/wp-content/uploads/sites/130/resources/Candida%20lusitaniae%20P450s.doc","fungi-Candida lusitaniae P450s.doc","doc","office-text","downloaded"
"fungi","Kluyveromyces lactis","https://drnelson.uthsc.edu/wp-content/uploads/sites/130/resources/Kluyveromyces%20lactis%20P450s.doc","fungi-Kluyveromyces lactis P450s.doc","doc","office-text","downloaded"
"fungi","Kluyveromyces waltii","https://drnelson.uthsc.edu/wp-content/uploads/sites/130/resources/Kluyveromyces%20waltii%20P450s.doc","fungi-Kluyveromyces waltii P450s.doc","doc","office-text","downloaded"
"fungi","Kluyveromyces polysporus","https://drnelson.uthsc.edu/wp-content/uploads/sites/130/resources/Kluyveromyces%20polysporus.doc","fungi-Kluyveromyces polysporus.doc","doc","office-text","downloaded"
"fungi","Pichia stipitis","https://drnelson.uthsc.edu/wp-content/uploads/sites/130/resources/Pichia%20stipitis%20P450s.doc","fungi-Pichia stipitis P450s.doc","doc","office-text","downloaded"
"fungi","Lodderomyces elongisporus","https://drnelson.uthsc.edu/wp-content/uploads/sites/130/resources/Lodderomyces%20elongisporus.doc","fungi-Lodderomyces elongisporus.doc","doc","office-text","downloaded"
"fungi","Ashbya gossypii = Eremothicium gossypii","https://drnelson.uthsc.edu/wp-content/uploads/sites/130/resources/Ashbya%20gossypii%20P450s.doc","fungi-Ashbya gossypii P450s.doc","doc","office-text","downloaded"
"fungi","Debaryomyces hansenii","https://drnelson.uthsc.edu/wp-content/uploads/sites/130/resources/Debaryomyces%20hansenii.doc","fungi-Debaryomyces hansenii.doc","doc","office-text","downloaded"
"fungi","Yarrowia lipolytica","https://drnelson.uthsc.edu/wp-content/uploads/sites/130/resources/Yarrowia%20lipolytica%20P450s.doc","fungi-Yarrowia lipolytica P450s.doc","doc","office-text","downloaded"
"fungi","Schizosaccharomyces pombe","https://drnelson.uthsc.edu/wp-content/uploads/sites/130/resources/Schizosaccharomyces.doc","fungi-Schizosaccharomyces.doc","doc","office-text","downloaded"
"fungi","Pneumocystis carinii","https://drnelson.uthsc.edu/wp-content/uploads/sites/130/resources/Pneumocystis%20carinii%20P450s.doc","fungi-Pneumocystis carinii P450s.doc","doc","office-text","downloaded"
"fungi","Batrachochytrium dendrobatidis","https://drnelson.uthsc.edu/wp-content/uploads/sites/130/resources/Batrachochytrium.doc","fungi-Batrachochytrium.doc","doc","office-text","downloaded"
"fungi","Phytophthora ramorum","https://drnelson.uthsc.edu/wp-content/uploads/sites/130/resources/P.ramorum.doc","fungi-P.ramorum.doc","doc","office-text","downloaded"
"fungi","Phytophthora sojae","https://drnelson.uthsc.edu/wp-content/uploads/sites/130/resources/P.sojae.doc","fungi-P.sojae.doc","doc","office-text","downloaded"
"fungi","Diatom","https://drnelson.uthsc.edu/wp-content/uploads/sites/130/resources/diatom.doc","fungi-diatom.doc","doc","office-text","downloaded"
"fungi","Tetrahymena thermophila","https://drnelson.uthsc.edu/wp-content/uploads/sites/130/resources/tetrahymena.FASTA.doc","fungi-tetrahymena.FASTA.doc","doc","office-text","downloaded"
"fungi","Trypanosoma brucei","https://drnelson.uthsc.edu/wp-content/uploads/sites/130/resources/trypb.doc","fungi-trypb.doc","doc","office-text","downloaded"
"fungi","Trypanosoma cruzi","https://drnelson.uthsc.edu/wp-content/uploads/sites/130/resources/trypc.doc","fungi-trypc.doc","doc","office-text","downloaded"
"fungi","Trypanosoma congolense","https://drnelson.uthsc.edu/wp-content/uploads/sites/130/resources/trypcongo.doc","fungi-trypcongo.doc","doc","office-text","downloaded"
"fungi","Trypanosoma vivax","https://drnelson.uthsc.edu/wp-content/uploads/sites/130/resources/trypvivax.doc","fungi-trypvivax.doc","doc","office-text","downloaded"
"fungi","Leishmania major","https://drnelson.uthsc.edu/wp-content/uploads/sites/130/resources/Leishmania.doc","fungi-Leishmania.doc","doc","office-text","downloaded"
"bacteria","1105 public bacterial cytochrome P450 sequences plus 27 Archaeal P450s July 22, 2011","https://drnelson.uthsc.edu/wp-content/uploads/sites/130/resources/bacterial.P450s.2011.doc","bacteria-bacterial.P450s.2011.doc","doc","office-text","downloaded"
"bacteria","905 bacterial cytochrome P450 sequences plus 22 Archaeal P450s Aug. 19, 2009","https://drnelson.uthsc.edu/wp-content/uploads/sites/130/resources/allbacteria.doc","bacteria-allbacteria.doc","doc","office-text","downloaded"
"bacteria","430 bacterial cytochrome P450 sequences Nov. 5, 2003","https://drnelson.uthsc.edu/wp-content/uploads/sites/130/resources/bacteria.dbs.doc","bacteria-bacteria.dbs.doc","doc","office-text","downloaded"
"bacteria","Bacterial cytochrome P450 sequences by taxonomic group","https://drnelson.uthsc.edu/wp-content/uploads/sites/130/resources/bact.abund.doc","bacteria-bact.abund.doc","doc","office-text","downloaded"
"bacteria","bacterial cytochrome P450 sequences from environmental samples March 8, 2004","https://drnelson.uthsc.edu/wp-content/uploads/sites/130/resources/environ.doc","bacteria-environ.doc","doc","office-text","downloaded"
"bacteria","Over 130 bacterial cytochrome P450 sequences July 27, 2000","https://drnelson.uthsc.edu/wp-content/uploads/sites/130/resources/bacteria.2000.doc","bacteria-bacteria.2000.doc","doc","office-text","downloaded"
"bacteria","Bacterial Cytochrome P450s (partial collection)","https://drnelson.uthsc.edu/wp-content/uploads/sites/130/resources/bacterial.P450s.doc","bacteria-bacterial.P450s.doc","doc","office-text","downloaded"
