"File","Profile","CYP","TextBytes","Rule"
"plants-potato.P450s.doc","annotated CYP blocks","709","557167","header-bounded protein lines"
"plants-Capsicum.annuum.xlsx","tabular rows","503","406008","explicit sequence column only"
"plants-Thellungiella.parvula.xlsx","tabular rows","214","138442","explicit sequence column only"
"plants-Eutrema.salsugineum.xlsx","tabular rows","220","150492","explicit sequence column only"
"plants-Capsella.grandiflora.xlsx","tabular rows","225","143787","explicit sequence column only"
"plants-Capsella.rubella.xlsx","tabular rows","235","162286","explicit sequence column only"
"plants-Brassica.rapa.xlsx","tabular rows","358","251215","explicit sequence column only"
"plants-Boechera.stricta.xlsx","tabular rows","225","148949","explicit sequence column only"
"plants-papaya.doc","FASTA-like CYP blocks","235","135185","terminal-star bounded protein"
"plants-Mimulus.guttatus.xlsx","tabular rows","363","244922","explicit sequence column only"
"plants-Theobroma.cacao.xlsx","tabular rows","315","224632","explicit sequence column only"
"plants-Gossypium.raimondii.xlsx","tabular rows","437","306565","explicit sequence column only"
"plants-Eucalyptus.grandis.xlsx","FASTA-prefixed tabular rows","688","494549","explicit sequence column only"
"plants-Cucumis.sativus.xlsx","tabular rows","204","149762","explicit sequence column only"
"plants-Citrulus.lanatus.xlsx","tabular rows","234","155250","explicit sequence column only"
"plants-Prunus.persica.xlsx","tabular rows","303","211558","explicit sequence column only"
"plants-Prunus.persica.P450s.doc","annotated CYP blocks","0","156329","header-bounded protein lines"
"plants-Prunus.mume.xlsx","tabular rows","261","192548","explicit sequence column only"
"plants-Malus.domestica.xlsx","tabular rows","302","222929","explicit sequence column only"
"plants-Fragaria.ananassa.xlsx","FASTA-prefixed tabular rows","198","130570","explicit sequence column only"
"plants-Fragaria.vesca.xlsx","tabular rows","303","219502","explicit sequence column only"
"plants-Cannabis.sativa.xlsx","tabular rows","336","230022","explicit sequence column only"
"plants-soybean.doc","mixed annotated CYP blocks","199","604712","terminal-star bounded protein"
"plants-medicago.seqs.doc","mixed sequence pieces","307","185551","CYP-header bounded protein"
"plants-Lotus.japonicus.xlsx","tabular rows","266","168125","explicit sequence column only"
"plants-Cicer.arietinum.xlsx","tabular rows","204","141389","explicit sequence column only"
"plants-Cajanus.cajanifolius.xlsx","tabular rows","286","198288","explicit sequence column only"
"plants-Jatropha.P450s.2012.doc","genomic-contig CYP report","1010","301238","CYP-header bounded protein"
"plants-Ricinus.communis.doc","GenPept-derived CYP blocks","594","180266","terminal-star bounded protein"
"plants-Manihot.esculenta.seqs.xlsx","tabular rows","269","223514","explicit sequence column only"
"plants-Linum.usitatissimum.xlsx","tabular rows","385","307745","explicit sequence column only"
"plants-vitis.doc","mixed GenPept and gene-model blocks","614","428234","terminal-star bounded protein"
"plants-Lotus.P450s.Oct31.2012.xlsx","annotation table","4","79838","no sequence unless explicit sequence column"
"plants-Lotus.P450.set.doc","FASTA-like sequence set","789","224370","terminal-star bounded protein"
"plants-Aquilegia.coerulea.xlsx","tabular rows","511","359482","explicit sequence column only"
"plants-Aquilegia.P450s.doc","older annotated blocks","71","264330","CYP-header bounded protein"
"plants-zea.doc","EST family report","0","4647","explicit CYP block fragments only"
"plants-Oryza.brachyantha.xlsx","FASTA-prefixed tabular rows","305","211912","explicit sequence column only"
"plants-Brachypodium.FASTA.doc","canonical FASTA","228","153029","terminal-star or next-header bounded protein"
"plants-Setaria.italica.xlsx","tabular rows","422","274629","explicit sequence column only"
"plants-Panicum.virgatum.xlsx","length-sorted sequence table","1497","788507","explicit sequence column only"
"plants-Triticum.aestivum.xlsx","tabular rows","1371","966605","explicit sequence column only"
"plants-sorghum.doc","gene-bin CYP report","389","338715","CYP-header bounded protein"
"plants-lolium.doc","HTML-preformatted report","0","10072","CYP-header bounded protein"
"plants-Musa.acuminata.xlsx","FASTA-prefixed tabular rows","208","156606","explicit sequence column only"
"plants-Phoenix.dactylifera.xlsx","tabular rows","187","139675","explicit sequence column only"
"plants-Amborella.doc","pre-name annotation report","0","208","CYP-header bounded protein"
"plants-Pinus.P450.doc","accession and legacy sequence report","15","53118","CYP-header bounded protein"
"plants-ferns.doc","sparse named CYP report","5","5937","CYP-header bounded protein"
"plants-Selaginella.P450s.doc","evolutionary annotation plus CYP blocks","143","268997","CYP-header bounded protein"
"plants-moss.doc","sequence pieces and pseudogenes","93","79420","CYP-header bounded protein"
"plants-liverwort.doc","EST-derived CYP report","2","16805","explicit CYP block fragments only"
"plants-chlamydomonas.doc","gene-model exon report","219","104704","terminal-star bounded assembled protein"
"plants-volvox.doc","annotated CYP blocks","38","22528","terminal-star bounded protein"
"plants-Chlorella.vulgaris.doc","inline FamAln report","76","26625","CYP-header bounded protein"
"plants-Chlorella.variabilis.doc","inline FamAln report","38","13783","CYP-header bounded protein"
"plants-ostreococcus.doc","multi-species CYP report","46","20208","CYP-header bounded protein"
"plants-micromonas.doc","multi-species CYP report","71","22554","CYP-header bounded protein"
"plants-red.algae.index.doc","multi-genome index and CYP blocks","1","11820","CYP-header bounded protein"
